Tag;AVG_RH200;AVG_TA200;MAX_NN050;MAX_RH200;MAX_TA200;MIN_RH200;MIN_TA200;SUM_NN050;SUM_SOH
01.01.2014;79,83;4,41;,00;93,50;10,05;65,67;-,29;,00;5,25
02.01.2014;90,56;4,98;1,60;95,33;7,69;82,83;2,55;2,80;,00
03.01.2014;89,00;6,18;,00;99,33;9,67;80,50;2,98;,00;,77
04.01.2014;94,14;5,82;,50;100,00;8,03;83,67;3,79;2,00;,00
05.01.2014;89,02;4,39;,30;98,00;7,14;71,17;1,34;,50;1,52
06.01.2014;81,96;4,66;,00;95,50;9,59;62,00;-,08;,00;4,14
07.01.2014;70,54;9,79;,00;76,83;12,42;62,00;7,02;,00;,53
08.01.2014;80,00;9,79;,00;92,67;14,38;67,00;7,24;,00;4,65
09.01.2014;73,05;9,57;,90;99,50;15,63;39,00;5,15;2,30;3,93
10.01.2014;89,78;4,59;,90;100,00;9,31;62,50;1,20;1,80;3,59
11.01.2014;98,45;3,36;2,70;100,00;7,05;93,33;-,32;2,90;,00
12.01.2014;98,70;2,72;,00;100,00;6,46;88,00;,72;,00;2,46
13.01.2014;96,69;4,08;2,10;100,00;7,32;87,17;,38;3,00;3,87
14.01.2014;99,99;4,07;,60;100,00;5,13;99,83;2,32;2,20;,00
15.01.2014;87,57;3,14;,10;100,00;6,04;70,67;,45;,10;7,02
16.01.2014;90,45;5,06;2,10;99,83;8,02;74,33;3,11;6,90;,00
17.01.2014;91,94;4,80;,00;100,00;7,84;81,00;1,47;,00;,78
18.01.2014;98,53;,72;,10;100,00;4,83;90,67;-2,45;,10;3,97
19.01.2014;99,38;1,04;,00;100,00;3,02;96,33;-,57;,00;1,38
20.01.2014;99,35;2,37;,10;100,00;3,83;96,67;1,16;,20;,00
21.01.2014;97,01;3,64;,10;100,00;4,46;92,17;3,07;,10;,00
22.01.2014;93,73;3,58;,00;100,00;4,63;80,67;2,75;,00;,00
23.01.2014;89,93;3,13;,10;98,50;3,98;80,67;2,29;,10;,00
24.01.2014;91,62;2,19;,10;99,50;3,45;80,17;1,23;,10;,24
25.01.2014;89,85;1,96;,00;97,83;3,72;80,17;1,13;,00;,00
26.01.2014;80,08;3,17;,30;99,33;4,75;67,17;,75;,40;1,81
27.01.2014;92,72;2,66;,90;100,00;4,82;81,50;,61;3,00;3,71
28.01.2014;80,93;2,27;,10;94,00;6,90;55,00;-,59;,10;8,72
29.01.2014;86,00;-,33;,00;94,17;2,60;72,00;-1,89;,00;4,64
30.01.2014;88,35;-,19;,00;98,33;2,91;78,17;-2,62;,00;2,88
31.01.2014;90,22;,40;,00;99,83;6,63;69,00;-2,96;,00;5,42
01.02.2014;85,58;2,92;,80;100,00;9,31;49,50;-2,30;1,80;5,03
02.02.2014;97,58;2,72;,70;100,00;5,79;88,50;,63;5,20;2,23
03.02.2014;96,52;1,60;,00;100,00;2,96;91,17;-,02;,00;,00
04.02.2014;95,94;2,28;,00;100,00;5,51;84,83;,27;,00;,00
05.02.2014;95,42;1,04;,10;100,00;5,17;84,33;-3,02;,10;,00
06.02.2014;68,77;6,95;,00;88,50;10,58;47,83;3,23;,00;5,85
07.02.2014;71,69;6,67;,10;86,33;8,85;51,17;4,19;,10;,00
08.02.2014;82,91;4,58;,60;89,67;7,89;64,83;2,13;1,60;,28
09.02.2014;69,23;4,98;,10;88,00;7,80;56,17;3,02;,10;4,85
10.02.2014;75,41;3,41;,30;92,83;5,08;47,17;-,35;,30;,00
11.02.2014;79,23;4,25;,10;95,00;8,24;53,50;,30;,10;5,94
12.02.2014;74,83;4,26;,00;93,83;9,30;48,67;-,06;,00;8,30
13.02.2014;85,17;5,30;2,00;95,33;7,94;60,50;1,90;6,80;,00
14.02.2014;78,08;4,51;,00;94,33;7,31;62,33;1,76;,00;3,41
15.02.2014;88,91;6,66;2,40;100,00;10,19;72,33;4,30;5,50;,00
16.02.2014;87,38;4,96;,50;98,17;7,51;75,67;3,23;1,10;,00
17.02.2014;77,46;5,83;,00;99,00;11,58;46,17;1,56;,00;10,29
18.02.2014;82,13;4,53;,00;99,17;10,59;61,17;-,64;,00;4,63
19.02.2014;77,90;6,39;,00;92,50;8,81;67,83;5,00;,00;,00
20.02.2014;76,06;7,36;,00;98,00;12,14;50,83;3,80;,00;9,67
21.02.2014;89,18;5,87;,10;96,67;8,45;72,00;2,15;,70;,19
22.02.2014;82,06;4,14;,10;99,00;9,65;51,50;-,12;,20;7,12
23.02.2014;80,06;6,01;,00;99,17;11,59;55,50;2,83;,00;9,35
24.02.2014;66,95;5,54;,00;100,00;13,98;27,17;-1,72;,00;10,76
25.02.2014;64,00;7,17;,00;86,50;13,33;41,50;1,16;,00;6,73
26.02.2014;84,31;7,06;3,90;100,00;12,14;62,17;4,73;7,40;2,99
27.02.2014;87,26;5,11;2,20;100,00;8,94;61,50;2,03;4,50;4,46
28.02.2014;81,67;5,72;1,30;100,00;10,58;55,00;1,74;2,00;5,82
01.03.2014;84,84;4,67;,00;97,67;7,22;68,17;2,39;,00;2,18
02.03.2014;87,81;4,50;,00;100,00;7,22;71,33;2,93;,00;,95
03.03.2014;80,62;5,00;,00;95,33;9,70;59,83;1,20;,00;3,25
04.03.2014;80,90;5,90;,10;98,50;10,47;58,33;2,78;,10;2,61
05.03.2014;77,07;6,34;,00;93,00;11,38;52,00;3,72;,00;4,17
06.03.2014;76,61;5,15;,00;99,33;11,45;51,00;-,94;,00;8,07
07.03.2014;76,64;6,10;,00;100,00;13,68;50,17;-1,15;,00;9,60
08.03.2014;68,55;8,26;,00;99,50;16,59;36,67;,88;,00;9,45
09.03.2014;49,40;10,62;,00;81,17;19,86;22,17;2,04;,00;10,63
10.03.2014;53,69;9,83;,00;82,17;17,44;30,67;2,34;,00;10,02
11.03.2014;56,27;8,28;,00;93,50;16,54;24,00;,73;,00;9,32
12.03.2014;48,20;10,08;,00;76,17;19,66;22,33;1,60;,00;10,40
13.03.2014;55,77;10,01;,00;83,50;19,35;24,83;2,11;,00;9,84
14.03.2014;57,74;10,62;,00;86,00;19,52;25,17;3,19;,00;9,87
15.03.2014;75,46;7,42;,10;99,50;10,80;55,50;5,53;,10;,00
16.03.2014;74,82;9,95;,10;93,00;15,23;56,33;6,06;,10;1,31
17.03.2014;59,87;12,43;,00;83,83;20,38;30,83;6,91;,00;10,60
18.03.2014;61,90;11,60;,00;86,50;20,29;32,17;4,70;,00;7,13
19.03.2014;61,57;10,61;,00;74,83;15,36;44,83;7,31;,00;4,99
20.03.2014;57,56;12,22;,00;95,83;21,86;27,00;1,96;,00;10,91
21.03.2014;49,06;14,94;,00;62,17;21,41;29,17;10,84;,00;8,42
22.03.2014;78,54;9,69;,90;94,83;12,91;61,67;5,45;2,40;,00
23.03.2014;78,27;5,59;,00;91,83;8,22;57,67;3,06;,00;,86
24.03.2014;86,17;3,70;,70;100,00;6,37;70,83;1,16;2,20;3,75
25.03.2014;82,03;3,34;1,60;100,00;9,31;49,33;-1,05;2,10;8,27
26.03.2014;73,92;4,29;,10;100,00;10,04;44,83;-1,79;,20;7,03
27.03.2014;63,36;7,04;,00;96,67;14,87;31,83;-1,40;,00;9,39
28.03.2014;56,57;9,66;,00;88,00;16,90;34,17;1,22;,00;9,81
29.03.2014;55,28;11,43;,00;91,17;20,18;24,33;1,67;,00;10,34
30.03.2014;54,38;12,77;,00;82,50;21,62;28,17;4,47;,00;9,88
31.03.2014;56,86;13,13;,00;85,17;21,53;27,17;5,82;,00;8,44
01.04.2014;57,17;13,88;,00;80,17;21,61;35,67;7,14;,00;8,44
02.04.2014;54,37;15,61;,00;85,33;22,49;31,50;8,47;,00;9,95
03.04.2014;50,66;15,85;,00;74,17;22,12;31,50;9,29;,00;4,28
04.04.2014;64,30;14,22;,00;84,17;20,75;41,33;8,25;,00;4,95
05.04.2014;85,42;12,67;,10;97,17;16,03;72,50;10,02;,20;,87
06.04.2014;71,38;14,44;,10;97,67;19,78;44,83;10,72;,10;7,97
07.04.2014;63,44;14,91;,00;93,67;21,74;40,00;6,92;,00;7,85
08.04.2014;71,15;12,14;2,50;96,17;15,80;45,83;8,18;2,90;4,35
09.04.2014;59,69;9,17;,00;85,50;14,52;37,83;3,98;,00;6,46
10.04.2014;63,93;10,69;,00;81,83;16,52;46,83;5,07;,00;7,61
11.04.2014;63,50;13,03;,00;94,83;20,11;36,67;4,85;,00;10,92
12.04.2014;62,63;13,82;,00;90,50;20,93;39,33;6,57;,00;8,99
13.04.2014;54,78;13,50;,00;72,33;19,85;33,17;8,26;,00;10,68
14.04.2014;64,41;9,57;,00;86,17;14,37;42,00;6,28;,00;4,39
15.04.2014;61,17;6,02;,00;87,17;10,12;41,83;2,11;,00;6,04
16.04.2014;60,22;7,06;,00;89,17;11,86;42,67;,77;,00;9,30
17.04.2014;50,15;9,14;,00;90,67;17,00;22,00;,35;,00;11,75
18.04.2014;79,22;5,93;2,00;100,00;9,02;50,67;2,16;7,20;,00
19.04.2014;91,19;6,86;,40;100,00;11,89;74,83;2,48;,60;,02
20.04.2014;77,81;11,48;,00;100,00;15,60;56,33;6,00;,00;2,11
21.04.2014;78,81;11,26;,10;98,83;15,82;61,83;5,64;,10;5,87
22.04.2014;72,09;13,41;,00;100,00;19,25;45,00;7,67;,00;7,65
23.04.2014;67,83;14,02;,00;96,00;20,54;42,83;7,42;,00;6,03
24.04.2014;60,33;15,83;,00;96,00;23,14;30,17;7,56;,00;11,30
25.04.2014;58,10;17,03;,00;81,67;24,52;33,50;9,79;,00;9,39
26.04.2014;75,55;15,13;1,50;98,50;20,01;54,50;11,89;3,10;6,34
27.04.2014;88,44;11,27;7,30;100,00;13,78;66,00;9,28;12,90;3,46
28.04.2014;88,52;10,68;,00;96,50;12,90;74,83;9,01;,00;,00
29.04.2014;88,87;11,96;2,00;100,00;16,12;65,83;9,27;5,90;1,01
30.04.2014;96,85;11,44;6,00;100,00;15,34;85,17;8,93;10,60;,10
01.05.2014;95,61;11,84;5,50;100,00;15,93;75,33;10,08;6,40;,60
02.05.2014;93,01;11,36;,20;100,00;14,77;79,67;8,57;,40;1,85
03.05.2014;88,65;6,83;,00;97,00;8,82;77,17;5,80;,00;,00
04.05.2014;62,40;9,82;,10;90,17;15,12;37,33;4,20;,10;12,06
05.05.2014;58,63;12,57;,00;96,00;20,31;30,83;3,88;,00;11,44
06.05.2014;54,88;15,31;,00;80,67;20,80;36,50;7,14;,00;5,97
07.05.2014;79,73;13,22;1,50;99,33;15,21;60,17;9,80;3,80;4,07
08.05.2014;76,17;13,56;,60;97,17;18,86;48,83;8,59;1,00;5,76
09.05.2014;84,25;14,48;1,10;99,17;18,90;57,33;11,16;2,80;5,79
10.05.2014;74,41;14,40;,10;93,67;19,95;45,33;9,74;,10;3,81
11.05.2014;76,96;11,24;1,40;91,50;16,69;46,00;7,40;2,10;7,33
12.05.2014;86,88;8,39;,40;96,17;12,08;70,00;5,83;1,80;5,38
13.05.2014;87,09;8,93;1,30;97,67;13,66;63,50;6,13;5,20;4,61
14.05.2014;70,36;11,06;,10;100,00;15,53;45,17;7,13;,20;9,35
15.05.2014;75,76;9,69;,40;99,00;12,90;55,67;6,87;,70;5,29
16.05.2014;68,30;12,03;,30;98,67;16,59;44,17;7,56;,30;7,45
17.05.2014;63,79;12,65;,00;90,83;17,52;42,50;5,50;,00;5,99
18.05.2014;66,63;14,43;,00;94,33;21,53;40,17;6,23;,00;11,64
19.05.2014;64,34;16,82;,00;94,67;23,14;43,33;9,17;,00;6,38
20.05.2014;55,71;18,81;,00;97,83;26,68;27,50;8,64;,00;11,50
21.05.2014;53,72;20,78;,00;85,00;27,92;31,17;11,18;,00;11,02
22.05.2014;61,48;19,44;,00;80,83;27,39;44,50;13,86;,00;8,60
23.05.2014;71,63;16,36;1,50;98,17;21,79;41,83;11,71;3,90;9,28
24.05.2014;74,54;15,01;2,60;97,33;20,48;49,17;11,98;3,50;7,84
25.05.2014;66,11;16,41;,00;95,67;22,84;40,17;9,01;,00;9,45
26.05.2014;89,72;14,68;9,20;100,00;20,73;63,50;11,75;17,60;2,82
27.05.2014;89,69;13,90;,80;100,00;16,57;72,33;12,01;1,20;,99
28.05.2014;76,89;14,33;,00;93,50;18,74;58,00;10,42;,00;4,66
29.05.2014;80,40;13,57;,00;95,83;17,68;62,83;8,67;,00;2,06
30.05.2014;80,48;11,56;,00;100,00;14,84;59,33;8,68;,00;2,02
31.05.2014;66,32;13,00;,00;99,50;19,94;42,00;3,80;,00;10,93
01.06.2014;64,83;14,41;,00;92,33;20,92;36,83;7,81;,00;6,90
02.06.2014;68,30;15,48;,00;88,67;21,22;41,67;10,84;,00;7,58
03.06.2014;73,04;15,22;,00;97,33;21,43;46,00;9,62;,00;7,19
04.06.2014;84,49;14,19;1,80;100,00;20,60;53,67;8,94;3,10;3,13
05.06.2014;66,19;15,12;,00;95,33;20,70;36,50;9,54;,00;10,40
06.06.2014;56,90;18,52;,00;96,00;26,93;30,33;7,24;,00;11,72
07.06.2014;54,02;23,05;,00;81,17;30,82;30,17;13,53;,00;11,32
08.06.2014;56,07;25,44;,00;95,17;33,91;28,17;15,29;,00;11,96
09.06.2014;46,05;27,48;,00;81,33;35,40;23,67;18,08;,00;12,19
10.06.2014;53,02;24,87;,20;85,17;33,60;26,50;18,84;,30;8,39
11.06.2014;76,79;21,95;,20;93,67;29,13;46,50;17,28;1,00;7,23
12.06.2014;72,67;22,56;,10;98,50;29,21;47,17;16,20;,10;11,18
13.06.2014;56,48;21,23;2,70;77,67;26,82;34,33;16,87;2,70;10,36
14.06.2014;63,17;16,68;,00;84,17;20,83;42,50;11,94;,00;4,33
15.06.2014;59,02;16,26;,00;90,67;21,88;40,67;8,77;,00;8,86
16.06.2014;52,52;17,26;,00;78,33;22,87;32,83;10,16;,00;8,86
17.06.2014;70,28;15,65;,10;87,33;21,18;47,33;11,43;,10;5,08
18.06.2014;63,30;17,87;,00;98,67;24,43;37,67;10,14;,00;9,41
19.06.2014;58,26;18,69;,00;84,50;25,46;34,50;11,96;,00;9,62
20.06.2014;69,05;15,37;,00;90,33;21,35;43,50;12,40;,00;3,87
21.06.2014;60,26;16,07;,00;92,67;23,20;34,83;8,13;,00;10,45
22.06.2014;55,21;18,64;,00;89,67;27,23;31,83;9,12;,00;12,61
23.06.2014;61,24;18,85;1,50;98,83;27,32;32,83;10,64;4,10;10,10
24.06.2014;66,24;18,70;,70;100,00;25,43;35,67;12,07;1,10;11,04
25.06.2014;60,61;16,56;,00;89,67;22,11;36,33;11,69;,00;9,44
26.06.2014;52,89;16,31;,00;90,17;24,01;30,17;6,58;,00;12,53
27.06.2014;49,97;19,42;,00;80,50;26,87;28,67;9,49;,00;8,46
28.06.2014;72,67;18,58;1,10;93,33;23,43;51,50;15,76;3,30;1,93
29.06.2014;80,60;16,24;2,80;97,50;19,58;57,67;11,73;3,20;1,16
30.06.2014;84,61;14,28;2,10;100,00;20,23;50,33;11,34;6,70;5,20
01.07.2014;62,54;17,10;,00;100,00;24,25;30,00;9,28;,00;11,56
02.07.2014;67,81;17,04;,00;85,33;21,65;53,00;12,92;,00;6,22
03.07.2014;58,03;20,42;,00;100,00;27,72;24,33;11,44;,00;11,97
04.07.2014;57,47;21,56;4,00;90,67;29,83;29,67;12,09;4,00;7,13
05.07.2014;82,04;18,69;2,00;98,00;22,17;67,17;15,27;4,00;3,49
06.07.2014;67,79;22,71;13,50;100,00;29,34;38,17;15,27;17,00;8,88
07.07.2014;87,26;18,73;21,90;100,00;23,67;68,33;12,76;32,60;4,31
08.07.2014;97,81;13,92;2,50;100,00;14,82;91,83;12,56;6,40;,00
09.07.2014;96,35;11,86;1,00;100,00;12,55;91,00;10,97;8,10;,00
10.07.2014;92,99;13,50;,00;98,17;16,06;87,33;10,76;,00;,00
11.07.2014;79,24;18,74;,00;100,00;23,47;55,50;14,14;,00;6,45
12.07.2014;86,95;17,96;,60;95,67;22,69;69,33;15,18;,70;2,69
13.07.2014;79,58;18,36;,10;97,83;24,44;48,17;14,41;,10;6,13
14.07.2014;84,08;18,68;1,20;97,00;22,94;63,83;14,78;2,50;7,18
15.07.2014;69,35;19,80;,00;98,33;24,93;46,67;13,93;,00;9,10
16.07.2014;68,04;20,79;,00;95,00;27,31;43,83;13,39;,00;9,76
17.07.2014;59,19;22,91;,00;93,50;29,13;34,50;15,56;,00;12,37
18.07.2014;54,32;23,90;,00;92,33;31,63;26,00;14,22;,00;12,53
19.07.2014;53,13;25,39;,00;86,50;33,49;28,17;15,11;,00;11,34
20.07.2014;76,25;21,22;2,30;100,00;27,97;46,33;17,34;7,90;2,71
21.07.2014;95,04;18,10;2,20;100,00;20,39;86,33;16,32;8,10;,13
22.07.2014;97,83;19,01;11,50;100,00;23,62;84,67;16,98;32,50;1,00
23.07.2014;75,37;20,97;,10;100,00;26,71;44,50;15,37;,10;8,68
24.07.2014;62,81;21,11;,00;93,00;26,84;40,33;14,41;,00;10,72
25.07.2014;77,44;19,34;4,80;94,83;24,96;53,00;14,48;5,50;8,51
26.07.2014;92,06;17,74;,20;99,67;20,70;82,50;14,74;,30;,23
27.07.2014;83,50;19,76;,20;99,83;26,66;56,50;15,66;,40;4,71
28.07.2014;83,80;20,37;16,50;100,00;27,32;52,50;15,34;36,80;7,19
29.07.2014;98,65;16,88;1,80;100,00;19,21;93,17;15,45;4,10;,00
30.07.2014;98,72;17,71;3,20;100,00;20,75;92,50;16,25;9,20;,00
31.07.2014;79,59;19,95;,00;100,00;24,74;56,50;15,88;,00;8,49
01.08.2014;78,33;19,64;,00;100,00;24,68;56,33;13,57;,00;7,51
02.08.2014;84,28;19,63;,70;100,00;26,06;52,50;14,58;,80;4,40
03.08.2014;88,12;18,91;,20;99,00;24,02;67,17;16,20;,30;3,55
04.08.2014;77,89;19,85;,00;100,00;26,26;45,00;15,09;,00;8,15
05.08.2014;79,47;17,95;,00;99,33;23,38;59,17;13,39;,00;6,04
06.08.2014;77,99;18,14;,50;100,00;24,55;49,67;11,23;,60;9,57
07.08.2014;86,18;18,80;1,80;99,83;22,70;68,83;14,95;3,40;4,85
08.08.2014;76,44;20,73;,00;100,00;26,38;53,17;13,62;,00;8,06
09.08.2014;70,23;21,45;,00;82,83;26,27;47,83;18,36;,00;6,28
10.08.2014;78,40;21,73;1,40;97,83;27,68;52,33;16,61;3,70;5,17
11.08.2014;77,11;18,07;,20;99,00;22,06;54,00;14,88;,30;5,65
12.08.2014;68,81;17,84;,00;83,83;23,10;48,00;13,61;,00;9,00
13.08.2014;90,19;14,13;2,20;100,00;18,03;67,00;12,27;4,10;,00
14.08.2014;86,96;14,27;2,40;97,33;19,16;61,67;11,11;4,90;4,18
15.08.2014;88,09;13,76;1,30;96,67;17,13;69,67;11,71;2,20;2,17
16.08.2014;83,35;14,85;2,00;100,00;20,59;56,17;11,39;6,00;7,35
17.08.2014;70,00;16,22;,00;92,33;21,60;50,17;10,41;,00;10,00
18.08.2014;74,42;15,61;,00;86,50;19,42;55,50;13,13;,00;2,59
19.08.2014;74,51;15,80;,00;97,17;20,43;52,50;12,00;,00;6,58
20.08.2014;74,45;14,16;,00;95,67;18,73;49,00;9,71;,00;6,19
21.08.2014;74,18;14,70;,20;99,17;20,55;45,50;9,45;,20;7,26
22.08.2014;71,08;14,95;,00;96,17;20,85;44,67;9,26;,00;7,15
23.08.2014;79,41;13,73;,10;91,67;18,33;58,83;10,63;,20;1,08
24.08.2014;73,13;13,56;,00;98,50;18,62;48,17;8,89;,00;6,99
25.08.2014;78,72;13,17;1,10;99,50;19,28;47,50;7,44;2,50;2,89
26.08.2014;91,78;16,01;2,60;100,00;20,97;76,50;12,27;9,20;2,34
27.08.2014;90,57;15,95;,60;100,00;18,83;75,50;13,85;1,40;2,78
28.08.2014;79,31;18,28;,00;100,00;24,52;53,50;12,73;,00;9,26
29.08.2014;89,69;17,58;3,30;100,00;22,61;71,17;15,00;8,10;2,17
30.08.2014;82,09;18,42;,10;100,00;24,33;53,83;14,75;,10;8,30
31.08.2014;98,20;13,50;6,50;100,00;14,82;94,17;11,85;21,10;,00
01.09.2014;88,93;13,50;,10;100,00;16,58;74,33;10,67;,10;1,72
02.09.2014;92,76;14,13;,90;100,00;18,92;67,50;11,48;,90;1,78
03.09.2014;95,81;14,43;,10;100,00;15,99;90,33;12,39;,20;,00
04.09.2014;91,21;15,85;,00;100,00;17,97;84,17;14,53;,00;,00
05.09.2014;86,92;18,07;,10;100,00;25,43;59,50;12,54;,10;7,76
06.09.2014;84,67;19,03;,00;100,00;25,93;52,17;14,55;,00;7,71
07.09.2014;90,10;17,98;13,70;100,00;25,31;62,67;13,13;15,40;7,29
08.09.2014;86,34;19,09;,00;100,00;26,78;57,67;13,79;,00;8,39
09.09.2014;83,31;18,46;,00;100,00;24,25;59,33;14,77;,00;6,80
10.09.2014;80,68;15,50;,00;94,00;20,02;59,50;11,95;,00;4,65
11.09.2014;89,26;12,65;,10;100,00;18,43;64,67;9,74;,10;3,82
12.09.2014;100,00;11,60;2,30;100,00;12,77;100,00;10,14;19,70;,00
13.09.2014;97,10;14,42;,20;100,00;17,04;87,17;12,64;,80;,62
14.09.2014;91,25;16,24;,10;100,00;21,01;69,83;13,79;,10;4,43
15.09.2014;90,79;15,78;,00;100,00;21,64;69,00;11,74;,00;2,91
16.09.2014;85,64;17,08;,00;100,00;24,90;56,17;11,70;,00;8,40
17.09.2014;85,68;17,40;,00;100,00;25,69;59,67;11,67;,00;7,83
18.09.2014;91,58;17,71;1,20;100,00;23,68;68,67;14,03;1,30;3,68
19.09.2014;87,95;18,62;1,60;100,00;25,18;64,17;13,84;2,90;5,43
20.09.2014;88,76;18,12;,80;100,00;24,14;64,33;15,19;,90;6,22
21.09.2014;96,08;15,54;3,20;100,00;19,83;83,50;12,12;17,40;1,97
22.09.2014;93,28;10,06;1,10;100,00;14,10;71,50;5,51;2,30;1,66
23.09.2014;86,01;9,74;,00;100,00;16,91;57,67;4,59;,00;9,22
24.09.2014;86,92;10,35;1,70;100,00;19,57;53,67;2,80;4,60;7,35
25.09.2014;87,92;12,14;,40;100,00;16,52;68,17;9,34;,60;3,59
26.09.2014;81,17;13,34;,10;99,50;20,27;54,83;8,31;,10;8,68
27.09.2014;83,74;14,91;,00;99,50;21,08;62,83;9,82;,00;8,07
28.09.2014;85,69;16,02;,00;100,00;24,31;58,00;8,72;,00;8,75
29.09.2014;77,62;17,85;,00;100,00;26,18;42,67;11,67;,00;9,28
30.09.2014;94,06;16,26;6,70;100,00;19,29;84,00;14,49;7,10;,24
01.10.2014;92,32;15,83;,10;100,00;20,53;73,00;12,66;,10;3,03
02.10.2014;88,51;14,47;,00;100,00;22,01;60,83;10,01;,00;6,43
03.10.2014;86,09;13,44;,10;100,00;21,12;52,50;8,54;,10;6,89
04.10.2014;91,42;11,49;,00;100,00;18,33;69,50;5,51;,00;8,00
05.10.2014;90,78;13,52;,00;100,00;20,10;66,67;9,40;,00;5,95
06.10.2014;89,74;13,44;,00;100,00;19,24;67,17;9,76;,00;5,46
07.10.2014;86,15;14,21;,90;100,00;18,09;63,33;9,93;1,90;,00
08.10.2014;78,65;16,48;,20;98,17;21,30;54,33;12,45;,50;1,57
09.10.2014;72,14;18,58;,00;95,00;26,03;38,33;12,78;,00;7,56
10.10.2014;96,83;15,21;1,10;100,00;17,02;88,67;13,64;3,30;,00
11.10.2014;96,28;14,83;,80;100,00;18,05;85,83;13,00;2,30;,46
12.10.2014;92,88;15,02;,00;100,00;20,34;73,50;12,08;,00;3,37
13.10.2014;91,13;14,37;,20;100,00;17,18;77,33;11,93;,30;,00
14.10.2014;83,68;15,12;,10;99,67;21,37;57,17;10,98;,10;8,78
15.10.2014;91,05;14,52;2,60;100,00;19,71;68,33;11,29;7,00;5,34
16.10.2014;97,88;14,04;1,30;100,00;16,28;94,50;12,92;4,70;,00
17.10.2014;94,31;13,22;4,80;100,00;17,92;76,50;9,66;19,40;2,29
18.10.2014;88,33;14,48;,00;100,00;23,30;63,00;7,08;,00;8,98
19.10.2014;77,57;17,24;,00;100,00;24,82;51,83;10,67;,00;8,84
20.10.2014;86,72;16,86;1,00;100,00;20,70;71,83;14,12;2,60;,46
21.10.2014;87,92;12,78;1,70;100,00;17,56;68,33;6,36;2,30;4,18
22.10.2014;89,35;6,30;,20;92,67;7,28;85,83;5,22;,40;,00
23.10.2014;88,39;8,16;,20;98,33;11,60;71,17;6,05;,30;1,51
24.10.2014;88,61;7,49;,00;100,00;14,66;62,17;2,21;,00;7,03
25.10.2014;88,89;9,63;,40;100,00;13,60;69,67;6,07;,70;2,26
26.10.2014;87,51;12,28;,00;99,67;18,64;64,17;8,64;,00;6,55
27.10.2014;92,93;7,50;,00;100,00;12,16;76,50;4,55;,00;6,16
28.10.2014;92,08;6,21;,00;100,00;12,36;71,17;1,10;,00;2,91
29.10.2014;90,29;9,15;,00;100,00;17,49;59,33;4,16;,00;7,00
30.10.2014;92,06;10,70;,10;100,00;15,30;76,33;7,49;,10;1,54
31.10.2014;87,82;11,49;,00;100,00;19,49;58,50;5,73;,00;7,51
01.11.2014;86,30;12,49;,00;100,00;20,12;58,50;7,66;,00;7,51
02.11.2014;83,12;12,16;,00;100,00;19,44;55,00;6,26;,00;7,54
03.11.2014;77,76;12,44;,00;91,17;17,38;59,67;8,33;,00;3,65
04.11.2014;87,85;10,42;,00;94,17;15,15;71,00;8,35;,00;3,24
05.11.2014;99,17;6,89;1,90;100,00;9,23;94,17;4,77;17,80;,00
06.11.2014;93,26;6,14;,40;100,00;10,76;71,67;2,55;1,40;4,43
07.11.2014;87,04;6,96;,00;100,00;13,51;60,00;1,76;,00;7,13
08.11.2014;82,74;8,87;,00;98,83;14,74;54,50;4,60;,00;8,70
09.11.2014;90,83;6,90;,00;100,00;11,98;71,83;2,98;,00;5,70
10.11.2014;99,93;6,17;,60;100,00;8,34;98,83;4,50;1,80;,00
11.11.2014;100,00;5,22;,10;100,00;8,14;100,00;2,49;,10;1,44
12.11.2014;100,00;6,39;1,60;100,00;8,33;100,00;4,66;6,20;,00
13.11.2014;99,99;8,92;,70;100,00;10,05;99,83;8,25;1,60;,00
14.11.2014;89,49;9,90;,00;99,00;13,92;73,83;7,14;,00;7,24
15.11.2014;94,59;8,49;3,30;100,00;13,29;79,50;4,50;11,30;3,76
16.11.2014;91,51;8,31;3,60;100,00;11,75;71,67;6,10;7,50;3,80
17.11.2014;95,26;6,99;,00;100,00;9,80;87,17;5,48;,00;1,59
18.11.2014;99,35;6,51;,70;100,00;8,59;97,00;5,53;3,40;,00
19.11.2014;99,57;6,29;1,10;100,00;8,32;95,83;4,57;4,50;,00
20.11.2014;100,00;3,58;,10;100,00;4,53;100,00;2,15;,10;,00
21.11.2014;99,37;5,46;,10;100,00;8,00;94,33;3,24;,20;,81
22.11.2014;93,01;8,70;,00;100,00;14,11;74,50;5,71;,00;6,32
23.11.2014;92,80;7,52;,00;100,00;15,10;69,33;1,68;,00;7,39
24.11.2014;88,92;10,23;,00;100,00;15,74;69,00;8,02;,00;4,78
25.11.2014;93,50;7,95;,00;99,67;9,35;88,17;6,42;,00;,00
26.11.2014;92,47;6,31;,00;96,17;7,89;87,00;5,07;,00;,00
27.11.2014;93,86;6,93;,00;99,00;9,40;84,50;5,87;,00;2,33
28.11.2014;94,67;4,13;,00;100,00;9,55;74,17;1,30;,00;5,24
29.11.2014;94,36;2,86;,00;96,67;4,10;90,17;2,23;,00;,00
30.11.2014;95,81;2,18;,00;99,00;3,02;92,00;1,42;,00;,00
01.12.2014;96,99;2,65;,00;100,00;3,83;91,00;1,56;,00;,00
02.12.2014;100,00;2,58;,90;100,00;3,29;100,00;1,89;2,90;,00
03.12.2014;100,00;2,20;2,00;100,00;2,71;100,00;1,29;6,20;,00
04.12.2014;95,45;2,74;,00;100,00;3,45;91,17;2,06;,00;,00
05.12.2014;99,72;2,40;,10;100,00;3,05;96,50;1,92;,10;,00
06.12.2014;100,00;2,79;,30;100,00;3,34;100,00;2,46;1,50;,00
07.12.2014;98,29;2,38;,00;100,00;2,70;92,83;1,32;,00;,00
08.12.2014;94,58;2,89;,10;99,83;4,78;84,50;,94;,20;1,28
09.12.2014;98,90;,93;,00;100,00;2,43;94,00;-,31;,00;,00
10.12.2014;96,35;,81;,20;100,00;2,72;86,67;-2,40;,50;,00
11.12.2014;91,72;4,83;,10;100,00;6,67;78,17;3,18;,40;,95
12.12.2014;79,29;6,98;,10;89,00;9,29;64,83;4,82;,20;4,46
13.12.2014;72,87;8,51;,00;80,83;12,31;62,67;5,34;,00;4,30
14.12.2014;92,79;8,64;,10;97,83;9,62;86,67;7,63;,40;,00
15.12.2014;93,54;7,83;,10;98,33;9,44;88,83;4,25;,10;,00
16.12.2014;98,12;4,58;,40;100,00;6,31;92,83;2,93;1,60;,00
17.12.2014;94,54;3,84;,90;99,00;5,86;81,83;1,93;2,20;,00
18.12.2014;92,36;9,25;,10;94,50;11,82;87,83;6,28;,10;,00
19.12.2014;85,60;9,76;,80;97,17;11,26;76,67;7,73;1,10;,00
20.12.2014;85,32;4,85;,10;94,83;7,39;75,33;3,06;,20;1,13
21.12.2014;86,47;4,74;,10;97,83;6,85;76,17;3,23;,10;3,64
22.12.2014;75,73;6,80;,00;85,33;9,50;60,50;4,44;,00;4,30
23.12.2014;50,36;8,89;,00;62,00;14,90;33,00;4,01;,00;8,03
24.12.2014;70,51;6,26;,00;86,00;8,99;51,00;3,50;,00;,37
25.12.2014;90,31;4,30;,50;100,00;6,93;78,17;2,19;1,00;,45
26.12.2014;99,24;1,13;,60;100,00;2,05;95,33;-,02;2,60;,00
27.12.2014;97,72;,59;,70;100,00;2,36;88,67;-,56;3,10;,00
28.12.2014;95,61;-4,59;,10;100,00;,20;88,33;-10,39;,10;,00
29.12.2014;96,62;-6,81;,60;100,00;-1,89;92,00;-12,30;,60;,00
30.12.2014;99,72;-1,32;,00;100,00;-,07;97,50;-2,91;,00;,00
31.12.2014;97,54;-,25;,00;100,00;,74;92,17;-1,08;,00;,00
